Name,Team,W,L,SV,G,GS,IP,K/9,BB/9,HR/9,BABIP,LOB%,GB%,HR/FB,vFA (pi),ERA,xERA,FIP,xFIP,WAR,NameASCII,PlayerId,MLBAMID
"Chris Sale","ATL",14,3,0,23,23,140.2,11.964455841531317,2.0473935129893164,0.5118483782473291,0.30959752321981426,0.77151335,0.457317073,0.075471698,95.06145833333333,2.6232229385175616,2.62,2.053567755079599,2.455606853147473,5.1643877029418945,"Chris Sale",10603,519242
"Tarik Skubal","DET",14,4,0,25,25,155.1,10.718884471152784,1.9120172299894154,0.7532189087837091,0.264,0.79376855,0.457142857,0.094202898,97.09553086838535,2.491416390592269,2.83,2.6604266354263393,2.9180820657984934,4.513615131378174,"Tarik Skubal",22267,669373
"Cole Ragans","KCR",10,8,0,26,26,152.1,10.811816553556298,2.954048238676584,0.8271335068294435,0.296,0.73863636,0.407310704,0.092715231,95.70511873818525,3.308534027317774,3.36,2.998458783577891,3.305108675209287,4.114995956420898,"Cole Ragans",21846,666142
"Cristopher Sánchez","PHI",9,8,0,24,24,140.1,6.9263660467647465,2.1805226443518646,0.32066509475762717,0.3163972286374134,0.68639053,0.581018518,0.060240963,,3.4631830233823733,3.64,2.8134039158793955,3.246062481073956,3.9862191677093506,"Cristopher Sanchez",20778,650911
"Garrett Crochet","CHW",6,9,0,26,26,128.2,12.590673077413408,2.1683936966656425,1.1191709402145251,0.30952380952380953,0.72968491,0.457792207,0.14159292,97.20404057955517,3.6373055556972065,2.81,2.820603676216596,2.5342520168948766,3.9660096168518066,"Garrett Crochet",27463,676979
"Ranger Suárez","PHI",10,5,0,20,20,119.1,8.748603724841058,2.0363129359543843,0.6787709786514614,0.2808641975308642,0.74539363,0.522935779,0.105882352,92.18927184693113,2.865921909861726,3.24,3.003354690734272,3.1017825805837487,3.2620420455932617,"Ranger Suarez",17277,624133
"Framber Valdez","HOU",13,5,0,22,22,137.2,8.56416528173749,2.8111382222497103,0.7191283824359724,0.2861111111111111,0.75034106,0.591280653,0.139240506,95.57430267333984,3.203390067214786,3.46,3.344170650988199,3.174614662446576,2.7481484413146973,"Framber Valdez",17295,664285
"Yusei Kikuchi","- - -",6,9,0,26,26,138,10.500000290248712,2.41304354496399,1.3043478621426974,0.328804347826087,0.71710526,0.415143603,0.136986301,95.6262399436296,4.3695653381780355,4.05,3.5611233102701916,3.279527074221722,2.712069809436798,"Yusei Kikuchi",20633,579328
"Shota Imanaga","CHC",9,3,0,23,23,133.1,9.247500352764144,1.350000051498415,1.350000051498415,0.2853185595567867,0.76271186,0.354497354,0.110497237,92.09079137731482,3.1050001184463545,3.44,3.5750725903511054,3.681217598359753,2.6796998977661133,"Shota Imanaga",33829,684007
"Nestor Cortes","NYY",7,10,0,26,26,148.1,8.312359835587742,1.7595506221317119,1.274157347060895,0.29156626506024097,0.74175824,0.301624129,0.1,91.97806944444444,4.004494519334241,3.59,3.82324675457298,4.127141238053137,2.679532051086426,"Nestor Cortes",17874,641482
"Justin Steele","CHC",3,5,0,20,20,116,8.922414379936376,2.4827587839822955,0.7758621199944674,0.2664576802507837,0.70940171,0.416927899,0.080645161,,3.1034484799778697,2.9,3.2315380963927645,3.7299631021279653,2.5625011920928955,"Justin Steele",17312,657006
"MacKenzie Gore","WSN",7,11,0,25,25,125.2,9.740053247508511,3.867374083569556,0.7877984244308355,0.3701657458563536,0.66283925,0.37027027,0.083969465,96.21662912193251,4.655172508000391,4.64,3.6161534856514144,4.05716054657841,2.3504157066345215,"MacKenzie Gore",22201,669022
"Max Fried","ATL",7,7,0,22,22,128.2,8.323834854982591,3.2176168346991534,0.6994819205867724,0.2853107344632768,0.72108844,0.584958217,0.117647058,94.09765625,3.5673577949925392,3.72,3.4889974708893057,3.479249239715031,2.2811167240142822,"Max Fried",13743,608331
"Sean Manaea","NYM",9,5,0,25,25,137,9.065693430656934,3.4160583941605838,0.9197080291970803,0.26330532212885155,0.74626866,0.377717391,0.089743589,92.45665564903847,3.4817518248175183,3.99,3.768411990673873,4.164662185550606,2.110793352127075,"Sean Manaea",15873,640455
"Andrew Heaney","TEX",4,13,0,26,25,129.1,9.11597994160283,2.5051547931122284,1.2525773965561142,0.29120879120879123,0.72128852,0.335092348,0.103448275,91.77582254993001,4.036082722236368,4.19,3.9666963353675517,4.195176332826698,2.0070599243044853,"Andrew Heaney",15423,571760
"Blake Snell","SFG",2,3,0,14,14,76,11.960526315789474,3.5526315789473686,0.7105263157894737,0.27380952380952384,0.68364611,0.412790697,0.083333333,96.1399606717687,3.6710526315789473,2.72,2.7546778377733734,3.1632989513246637,1.9443166255950928,"Blake Snell",13543,605483
"Nick Lodolo","CIN",9,5,0,20,20,110.2,9.1897592473262,2.7650603045052287,1.0572289399578816,0.2905405405405405,0.70336391,0.450980392,0.12037037,94.26361514522821,4.554216972126259,3.8,4.002934039710205,3.9539834989303206,1.8432896137237549,"Nick Lodolo",26378,666157
"Mitchell Parker","WSN",7,7,0,23,23,122.2,7.630434940803257,2.3478261356317716,1.1739130678158858,0.2900552486187845,0.67629179,0.365591397,0.104575163,92.65082992344244,4.255434870832586,4.4,3.9696378087389004,4.163189251652706,1.8079829216003418,"Mitchell Parker",27636,680730
"Tyler Anderson","LAA",10,11,0,25,25,153.1,6.984782840389843,3.404347939013537,1.115217428297538,0.25229357798165136,0.7980653,0.379690949,0.096938775,89.61557539682539,3.46304359313446,4.19,4.453876965275786,4.779132420581233,1.771559715270996,"Tyler Anderson",12880,542881
"Matt Strahm","PHI",5,2,1,52,0,48.2,11.465754922547395,1.6643837790794607,0.5547945930264869,0.26605504587155965,0.78431373,0.288288288,0.053571428,93.6542043329177,2.2191783721059477,2.6,2.217366971681464,3.1588886298631715,1.6604983806610107,"Matt Strahm",13799,621381
"Bailey Falter","PIT",6,7,0,21,21,107.1,6.288820173788138,2.5993790051657637,1.0900621634566106,0.28125,0.7253886,0.344512195,0.092198581,91.92780727155727,4.024844911224409,4.93,4.2060508849329175,4.621266206474329,1.4211088418960571,"Bailey Falter",20070,663559
"JP Sears","OAK",10,8,0,25,25,141,7.0212765957446805,2.3617021276595747,1.2127659574468086,0.2716049382716049,0.72834646,0.383693045,0.101063829,92.44135008169934,4.148936170212766,4.13,4.417891723551649,4.685659500385853,1.3499521017074585,"JP Sears",23429,676664
"Patrick Sandoval","LAA",2,8,0,16,16,79.2,9.150627907170504,3.9539750216168845,0.9037657192267164,0.3407079646017699,0.66189624,0.45021645,0.102564102,93.99777631222943,5.08368217065028,4.25,3.8655014673473693,4.043030406266228,1.279496669769287,"Patrick Sandoval",19447,663776
"A.J. Puk","- - -",4,8,2,45,4,55,9.654547463409589,4.090909942122708,0.4909091930547249,0.2708333333333333,0.63271605,0.365517241,0.051724137,95.51489320897933,3.6000007490679824,3.12,3.198936218545458,4.0871186933873505,1.2640992552042007,"A.J. Puk",19343,640462
"Carlos Rodón","NYY",13,8,0,25,25,134.2,9.891089856069573,2.940594281534197,1.6039605172004712,0.28735632183908044,0.76708508,0.315363881,0.126315789,95.5054190751445,4.34405973408461,4.22,4.462077623273268,4.2822600436505684,1.2431854009628296,"Carlos Rodon",16137,607074
"Keegan Akin","BAL",2,0,0,51,0,64,10.968751961365692,2.250000402331424,0.9843751760199981,0.24836601307189543,0.71428571,0.378205128,0.094594594,93.83941046288396,3.51562562864285,2.62,2.9906975438818284,3.3201431632540683,1.1804767847061157,"Keegan Akin",19362,669211
"Cody Bradford","TEX",4,1,0,8,7,43,8.581395348837209,1.255813953488372,1.0465116279069768,0.2542372881355932,0.68571429,0.322314049,0.083333333,90.39038494199414,3.558139534883721,3.59,3.255595830429433,3.8574408813964496,1.1240072324872017,"Cody Bradford",27597,674003
"Patrick Corbin","WSN",2,12,0,25,25,135.1,6.583744089802863,2.992610949910392,1.2635468455177212,0.3441108545034642,0.64225053,0.467268623,0.131944444,91.39688151041666,5.91871943426722,5.88,4.566513514079613,4.353043623739949,1.0998055934906006,"Patrick Corbin",9323,571578
"Tyler Holton","DET",5,1,4,49,5,72.1,7.092167332379817,1.6175118477357477,0.622119941436826,0.21025641025641026,0.75,0.459595959,0.069444444,92.15409697462249,2.488479765747304,3.05,3.1902223497904494,3.79928060144244,1.0956526100635529,"Tyler Holton",26231,663947
"Tanner Scott","- - -",8,5,19,54,0,55.1,10.246988540499386,4.879518352618755,0.48795183526187547,0.2125984251968504,0.80985915,0.483606557,0.073170731,97.16877446074331,1.626506117539585,2.85,3.2710063157847844,3.6884921303883837,1.0578204095363617,"Tanner Scott",17586,656945
"Andrew Abbott","CIN",10,10,0,25,25,138,7.434782608695652,3.391304347826087,1.6304347826086956,0.2595419847328244,0.82876712,0.33737864,0.123152709,92.9486276521217,3.717391304347826,4.05,5.039384168818377,4.912392073394596,1.0371596813201904,"Andrew Abbott",29911,671096
"Josh Hader","HOU",6,6,27,56,0,56.1,13.420118646116508,2.875739709882109,1.4378698549410545,0.22641509433962265,0.76142132,0.298245614,0.147540983,,3.355029661529127,2.54,3.2690814527592607,2.8322884158840598,1.0223336219787598,"Josh Hader",14212,623352
"Aaron Bummer","ATL",3,2,0,43,0,44.2,11.485076261645112,2.6194033579190608,0.2014925659937739,0.424,0.73964497,0.601626016,0.047619047,93.87940889246323,3.6268661878879302,2.79,1.9088410528764406,2.329910546028859,1.0146597623825073,"Aaron Bummer",16258,607481
"DJ Herz","WSN",2,6,0,13,13,60.2,11.12637409278845,3.1153847459807658,1.4835165457051265,0.31210191082802546,0.73529412,0.374233128,0.135135135,93.46327196519525,4.153846327974354,3.36,3.9702649161660477,3.6749547258133797,0.9869387745857239,"DJ Herz",26389,687792
"Ryan Weathers","MIA",3,5,0,13,13,71,8.492957746478874,2.535211267605634,1.0140845070422535,0.2717948717948718,0.74550129,0.515,0.126984126,96.28104350220265,3.5492957746478875,4.05,3.9231359548971687,3.802337420406476,0.971811830997467,"Ryan Weathers",23796,677960
"Tanner Banks","- - -",2,2,2,49,1,57.2,9.83237118883374,2.9653182950450963,0.9364163036984514,0.3161290322580645,0.62130178,0.46875,0.103448275,93.58092000475669,4.057803982693289,3.49,3.422688214531716,3.5934979347757294,0.9593635275959969,"Tanner Banks",16990,621383
"Trevor Rogers","- - -",2,11,0,25,25,124.1,7.021448008414998,4.053619468775668,1.013404867193917,0.32225063938618925,0.69844789,0.462686567,0.103703703,92.05991384086879,4.92225221208474,5.13,4.513779064207368,4.694571366625192,0.9057480525225401,"Trevor Rogers",22286,669432
"Joe Mantiply","ARI",6,2,1,58,2,47.1,7.415495846296761,2.6619728679014014,0.19014091913581438,0.3,0.66546763,0.5,0.02,89.54774709848257,3.6126774635804733,3.19,2.676656892379508,4.001997852151939,0.8961027786135674,"Joe Mantiply",14857,573009
"Kyle Freeland","COL",3,5,0,14,14,72.1,7.3410143410829,2.6129034095379815,1.3686636907103713,0.34801762114537443,0.62111801,0.398305084,0.126436781,92.02681632383967,5.972350650372529,5.16,4.42063717920784,4.265453374670805,0.8938809633255005,"Kyle Freeland",16256,607536
"Robert Garcia","WSN",2,4,0,57,0,46,11.347829851177,3.130435821014345,0.7826089552535862,0.34710743801652894,0.59233449,0.466666666,0.105263157,94.5481447735732,4.695653731521517,2.83,2.8799637852183504,3.000766293869838,0.8729277849197388,"Robert Garcia",23363,676395
"Kyle Harrison","SFG",7,5,0,22,22,117,8.307692307692308,2.923076923076923,1.2307692307692308,0.3006134969325153,0.76866764,0.407079646,0.116788321,92.96319070080862,4,4.77,4.248042660085564,4.243835992741789,0.8708341121673584,"Kyle Harrison",27758,690986
"Austin Gomber","COL",4,8,0,24,24,132,6.409090909090909,2.1818181818181817,1.7045454545454546,0.27860696517412936,0.74626866,0.404255319,0.147928994,90.63304411345496,4.636363636363637,5,4.927724089766993,4.4048210576176645,0.8617569804191589,"Austin Gomber",16561,596295
"Jared Koenig","MIL",8,3,1,40,5,47.2,9.251749855958474,2.832168323252594,0.5664336646505188,0.2824427480916031,0.81784387,0.472868217,0.0625,,2.076923437051902,3.17,3.057677451532049,3.764743373153532,0.8602904230356216,"Jared Koenig",27517,657649
"Alex Vesia","LAD",2,4,5,54,0,53.1,11.981251999587155,4.218750704079984,1.0125001689791961,0.2072072072072072,0.81545064,0.225225225,0.085714285,93.51515403368795,1.856250309795193,2.94,3.4250726184249,3.9505582071906193,0.8389779925346375,"Alex Vesia",25007,681911
"Sam Moll","CIN",3,1,0,42,0,33,9.545456752304714,2.454546022021212,0.2727273357801347,0.2857142857142857,0.68452381,0.469879518,0.033333333,93.42698986695545,2.7272733578013466,2.38,2.3443905672750747,3.327411055021802,0.8105826377868652,"Sam Moll",14874,594580
"Reid Detmers","LAA",3,6,0,12,12,63,10,3.857142857142857,1.4285714285714286,0.3333333333333333,0.61728395,0.409090909,0.133333333,94.41847999744377,6.142857142857143,3.72,4.384794796837701,4.12446418555956,0.8103778958320618,"Reid Detmers",27468,672282
"Adrian Morejon","SDP",2,1,1,45,0,51.2,10.277421378335548,2.961290905622107,0.6967743307346134,0.3357664233576642,0.80128205,0.528571428,0.093023255,97.01671803325688,2.7870973229384535,3.17,2.9303144643706074,3.1844472560958854,0.8098913431167603,"Adrian Morejon",20039,670970
"Justin Wilson","CIN",1,2,1,45,0,36.2,10.554547284654667,1.9636367041217984,1.227272940076124,0.3125,0.73684211,0.4,0.106382978,95.448046875,4.172727996258821,2.94,3.4080271626307033,3.5768130318993583,0.7396735548973083,"Justin Wilson",4301,458677
"Yuki Matsui","SDP",3,2,0,56,0,55,9.490911065724681,3.763637146752891,0.6545455907396331,0.2589928057553957,0.73170732,0.398601398,0.066666666,92.23213541666667,3.272727953698166,2.94,3.253481684440428,3.9603788713745742,0.7152989506721497,"Yuki Matsui",33826,673513
"Andrew Nardi","MIA",3,2,0,59,0,49.2,12.684566356390905,3.2617456345005182,1.2684566356390905,0.32456140350877194,0.63909774,0.316666666,0.114754098,94.23304219600726,5.073826542556362,2.74,3.3236464331093316,3.351713408215777,0.7083998918533325,"Andrew Nardi",25942,677053
"James Paxton","- - -",9,3,0,21,21,100.1,6.548173151666666,4.485050103881278,1.0764120249315068,0.2757475083056478,0.71981424,0.374592833,0.091603053,93.38611942498008,4.395349101803653,4.74,4.787157390021364,5.209946978944049,0.7075366079807281,"James Paxton",11828,572020
"Hoby Milner","MIL",4,1,1,51,1,53,8.830190585915314,2.3773590039002768,0.8490567871072418,0.3355263157894737,0.61904762,0.513333333,0.121951219,88.9504148043119,4.924529365222002,3.29,3.2191763604226282,3.1644759790688797,0.6979254633188248,"Hoby Milner",13346,571948
"Dylan Lee","ATL",4,2,0,38,0,48.2,10.356165736494422,2.5890414341236054,0.7397261240353158,0.2975206611570248,0.80578512,0.373983739,0.075471698,92.35561835106382,1.8493153100882895,2.52,2.792709512597821,3.373738653967293,0.6953076720237732,"Dylan Lee",19996,669276
"Robert Gasser","MIL",2,0,0,5,5,28,5.142857142857143,0.32142857142857145,0.6428571428571429,0.2826086956521739,0.78767123,0.430107526,0.0625,93.2071063701923,2.5714285714285716,2.92,3.376858288901193,4.1793218544551305,0.687435507774353,"Robert Gasser",29812,688107
"Tim Herrin","CLE",5,0,0,58,0,51,8.8235320516944,4.058824743779423,0.176470641033888,0.20967741935483872,0.75581395,0.483606557,0.024390243,95.50543734296483,2.117647692406656,3.46,2.986101933581591,3.9488645826960944,0.6858811378479004,"Tim Herrin",25139,682120
"Clayton Kershaw","LAD",2,2,0,5,5,24,7.125000566244171,2.2500001788139485,0.3750000298023248,0.3108108108108108,0.67567568,0.432432432,0.041666666,89.9498650045956,2.625000208616273,3.64,2.995905894703334,3.9688949252225836,0.682399570941925,"Clayton Kershaw",2036,477132
"Jesús Luzardo","MIA",3,6,0,12,12,66.2,7.830000298690807,2.9700001132965133,1.2150000463485735,0.28415300546448086,0.66298343,0.37037037,0.118421052,95.51789022229381,4.995000190544135,4.55,4.257572616386415,4.229280021947192,0.6752456426620483,"Jesus Luzardo",19959,666200
"Bryan Hudson","MIL",5,1,0,39,0,55.2,9.377246579980746,2.2634733124091455,1.1317366562045728,0.16666666666666666,0.9375,0.424242424,0.134615384,91.64368976757369,1.9401199820649817,3.08,3.629638496223715,3.409795816612614,0.6471174359321594,"Bryan Hudson",19924,663542
"Jordan Wicks","CHC",1,2,0,7,6,28,10.285715336702415,3.214286042719505,0.6428572085439009,0.35365853658536583,0.67164179,0.385542168,0.066666666,93.3096435546875,4.178571855535356,3.99,3.0911439958883786,3.78541794524997,0.6342919878661633,"Jordan Wicks",30094,696136
"Cionel Pérez","BAL",2,0,2,47,0,41,8.121952730867848,4.390244719388026,0,0.28448275862068967,0.66666667,0.530973451,0,96.47375118371212,3.951220247449223,3.67,3.113792077733389,4.443733845089474,0.6329147815704346,"Cionel Perez",19614,672335
"David Peterson","NYM",7,1,0,14,14,78,7.384615384615385,4.038461538461538,0.8076923076923077,0.28699551569506726,0.81213307,0.539130434,0.114754098,93.36263852835464,3,5.16,4.265136677179582,4.283008379890369,0.6294682621955872,"David Peterson",20302,656849
"Anthony Banda","LAD",1,2,1,39,1,40.1,10.041324530018947,3.5702487217845147,0.6694216353345964,0.27722772277227725,0.82589286,0.41,0.081081081,95.98660946800595,2.2314054511153216,3.19,3.2369527563193228,3.6594881702642734,0.6125246584415436,"Anthony Banda",14706,607455
"Garrett Cleavinger","TBR",7,3,3,55,0,49,11.204083377150457,4.408163951665754,0.5510204939582193,0.3017241379310345,0.78369906,0.423728813,0.068181818,96.35797991071429,2.755102469791096,4.05,3.3054297397157577,3.8696103841684786,0.6087628602981567,"Garrett Cleavinger",17897,664076
"Braxton Garrett","MIA",2,2,0,7,7,37,8.27027027027027,0.972972972972973,1.2162162162162162,0.30973451327433627,0.5952381,0.512820512,0.142857142,90.82284322599085,5.351351351351352,4.43,3.8112212232641274,3.4872468096178935,0.5885589718818665,"Braxton Garrett",21844,666129
"Cole Irvin","BAL",6,5,0,22,15,99,6.181818420017836,2.0909091714766213,1.363636416180405,0.31384615384615383,0.67741935,0.37797619,0.106382978,91.8732659755609,4.818182003837432,5.73,4.607017074717685,4.794556904168441,0.5473152101039886,"Cole Irvin",19244,608344
"Cam Booser","BOS",2,2,1,41,0,42,9.000001634870554,2.7857147917456477,0.8571430128448146,0.2966101694915254,0.79741379,0.3,0.06779661,95.44353170955883,3.000000544956851,3.22,3.329239271557526,4.218874708678997,0.5113683342933655,"Cam Booser",16061,592155
"Jalen Beeks","- - -",6,4,9,55,0,57,7.263159535268377,3.31579022262252,0.9473686350350058,0.28994082840236685,0.67055394,0.445086705,0.086956521,94.77720488934712,4.263158857657526,3.59,4.074853482426965,4.539963022048365,0.5026195049285889,"Jalen Beeks",17192,656222
"Jordan Montgomery","ARI",8,6,0,19,19,95,6.347368421052631,3.4105263157894736,1.1368421052631579,0.3512658227848101,0.62849162,0.436137071,0.109090909,92.0935910247093,6.442105263157894,5.23,4.562572574615478,4.674279081821442,0.5002024173736572,"Jordan Montgomery",16511,656756
"JoJo Romero","STL",5,2,0,53,0,50.1,7.688743664253605,1.788079921919443,0.8940399609597215,0.2608695652173913,0.83333333,0.485507246,0.116279069,95.36008360327745,2.50331189068722,4.52,3.579791223063349,3.5823778128684567,0.4933781623840332,"JoJo Romero",19574,668941
"Danny Coulombe","BAL",1,0,1,29,0,26,9.69231124742627,1.0384619193671003,1.0384619193671003,0.1724137931034483,0.76271186,0.459016393,0.115384615,91.46603628305289,2.4230778118565675,2.46,2.854880154062264,2.8695357792976104,0.4928656220436096,"Danny Coulombe",13293,543056
"John Means","BAL",2,0,0,4,4,20.2,6.9677421498373135,0.8709677687296642,0.8709677687296642,0.23728813559322035,0.80246914,0.183333333,0.058823529,90.576806640625,2.6129033061889926,4.77,3.307733869403756,4.541522185193327,0.48222482204437256,"John Means",16269,607644
"Aroldis Chapman","PIT",4,4,4,53,0,47.2,14.349652263621651,6.41958127583074,0.9440560699751087,0.26436781609195403,0.73684211,0.439560439,0.138888888,97.78964715254934,3.20979063791537,3.29,3.603132073937196,3.3834313938979594,0.4654677212238312,"Aroldis Chapman",10233,547973
"Martín Pérez","- - -",3,5,0,20,20,106,7.30188679245283,3.056603773584906,1.528301886792453,0.328125,0.76197388,0.44047619,0.15,91.80857890361064,4.669811320754717,5.41,4.879553706690951,4.386711012192492,0.4520760327577591,"Martin Perez",6902,527048
"Matthew Liberatore","STL",3,3,0,44,6,68.1,8.165855178061728,3.0292688563777377,1.0536587326531262,0.2810810810810811,0.67750678,0.422459893,0.105263157,94.61585764185153,4.478049613775786,4.22,3.96745077316995,4.1300921757664755,0.43505578488111496,"Matthew Liberatore",22294,669461
"Andrew Chafin","- - -",4,2,1,51,0,45.2,12.021900237112023,4.532847630386501,0.985401658779674,0.33636363636363636,0.76271186,0.339130434,0.096153846,91.94787808122307,3.5474459716068267,3.31,3.4910397942087035,3.792399538972827,0.39675143361091614,"Andrew Chafin",12988,605177
"Sam Long","KCR",2,1,1,29,0,28,9.642859770327915,4.178572567142096,0.642857318021861,0.2876712328767123,0.78313253,0.438356164,0.066666666,94.45268110795455,2.571429272087444,3.77,3.3411440518437736,4.035418119439546,0.3491515815258026,"Sam Long",25379,669674
"Kris Bubic","KCR",0,0,0,12,0,14.1,11.930233616516967,1.8837210973447842,0.6279070324482614,0.29411764705882354,0.71428571,0.575757575,0.111111111,93.47455357142857,2.5116281297930456,1.92,2.0462934058185693,2.0903794966182643,0.33530402183532715,"Kris Bubic",21455,663460
"Brennan Bernardino","BOS",4,3,0,48,3,42.2,9.492190187448465,3.796876074979386,0.843750238884308,0.3247863247863248,0.7781457,0.432203389,0.1,,3.585938515258309,3.94,3.9594478002284363,4.1606875008223,0.3289342448115349,"Brennan Bernardino",16835,657514
"Tim Hill","- - -",4,0,0,48,0,51,3.705883045922643,2.647059318516174,0.3529412424688232,0.3487179487179487,0.67307692,0.663265306,0.064516129,90.76481263827434,4.058824288391467,3.59,3.790023672337831,4.200892851435956,0.30213504657149315,"Tim Hill",16814,657612
"Brooks Raley","NYM",1,0,0,8,0,7,11.571430147910819,3.8571433826369397,0,0.15384615384615385,1,0.307692307,0,,0,3.15,1.8768581137364992,3.6078933436967,0.2987375259399414,"Brooks Raley",10061,548384
"Bryan King","HOU",1,0,0,20,0,19.2,10.983053332874276,3.661017777624759,0.4576272222030949,0.24444444444444444,0.82524272,0.422222222,0.055555555,91.94964776011561,2.2881361110154743,3.34,2.9083352289470925,3.6336134180306874,0.2938253879547119,"Bryan King",25890,687911
"Gregory Soto","- - -",2,5,2,50,0,40,11.025001839995692,5.40000090122238,0.6750001126527975,0.39090909090909093,0.68681319,0.486486486,0.1,98.37271479124664,5.40000090122238,4.83,4.012572716474557,4.173564458237724,0.2746221572160721,"Gregory Soto",19677,642397
"Hogan Harris","OAK",2,3,0,11,9,54.1,6.957055621764741,4.141104536764726,0.9938650888235343,0.2974683544303797,0.79608939,0.37037037,0.092307692,93.25311301986524,2.981595266470603,5.7,4.542940753537054,4.919369277847132,0.27440041303634644,"Hogan Harris",21520,663687
"T.J. McFarland","OAK",2,1,0,59,0,44.1,6.293235429234915,2.4360911338973867,0.8120303779657956,0.291044776119403,0.71984436,0.625,0.133333333,,3.857144295337529,2.64,3.8843773550295193,3.7363998997589407,0.27120253443717957,"T.J. McFarland",3237,519008
"José Alvarado","PHI",1,5,13,54,0,50.1,8.940398254434776,4.291391162128693,1.0728477905321732,0.2706766917293233,0.68259386,0.463235294,0.139534883,,4.470199127217388,4.05,4.21555281347113,3.959861231089387,0.27091774344444275,"Jose Alvarado",17780,621237
"Sam Hentges","CLE",0,0,0,25,0,23.2,10.267609219589229,1.9014091147387462,1.1408454688432477,0.26785714285714285,0.79787234,0.47368421,0.15,95.04112413194444,3.042254583581994,2.44,3.1625725746154787,2.794675786860339,0.2661735713481903,"Sam Hentges",18548,656529
"John King","STL",3,2,0,44,0,47,6.12766156384458,1.340425967091002,0.9574471193507156,0.29605263157894735,0.76470588,0.628205128,0.138888888,,2.8723413580521466,3.69,3.694487640921432,3.4716705965603842,0.24883052706718445,"John King",22051,667463
"Ryan Borucki","PIT",0,0,0,4,0,3.1,16.20000617981193,0,0,0.5,0.5,0.5,0,,5.400002059937309,6.11,-0.437428798676061,0.016968060620493386,0.2333156317472458,"Ryan Borucki",16350,621366
"Marco Gonzales","PIT",1,1,0,7,7,33.2,6.14851531593514,2.940594281534197,1.336633764333726,0.3392857142857143,0.78723404,0.403508771,0.111111111,89.72219094669117,4.544554798734668,6.77,4.707127146734451,4.800973774428034,0.2293534129858017,"Marco Gonzales",15467,594835
"Richard Lovelady","- - -",3,4,1,20,0,19.1,7.448277086763889,1.3965519537682294,0.9310346358454862,0.359375,0.5952381,0.40625,0.08,92.4994154710036,5.5862078150729175,4.19,3.3177450139230595,3.9315239336287333,0.2215829212218523,"Richard Lovelady",19337,663992
"Rob Zastryzny","MIL",1,0,0,9,3,7.2,5.8695671644018965,1.1739134328803793,0,0.18181818181818182,0.83333333,0.333333333,0,91.49581654866536,1.1739134328803793,1.66,2.6408332711130877,4.814035533529932,0.2175574004650116,"Rob Zastryzny",15094,642239
"Taylor Rogers","SFG",1,4,0,52,0,49,10.285716687973183,2.755102684278531,1.1020410737114126,0.319672131147541,0.82089552,0.42519685,0.12,,2.571429171993296,3.24,3.5095114311542566,3.4632416446944423,0.2141651064157486,"Taylor Rogers",13449,573124
"Danny Young","NYM",2,0,0,27,0,26,12.461541204058106,4.500000990354316,0.6923078446698947,0.31666666666666665,0.73863636,0.508196721,0.133333333,,3.4615392233494737,4.34,3.354880309246005,3.228720062169109,0.18529248237609863,"Danny Young",18439,664849
"Caleb Thielbar","MIN",2,3,3,44,0,36,10.500002225240543,4.000000847710683,1.2500002649095885,0.32673267326732675,0.57446809,0.346153846,0.113636363,93.33586131427305,5.750001218584107,4.43,3.968128300890547,4.013818512624304,0.17864400148391724,"Caleb Thielbar",10078,573204
"Eduardo Rodriguez","ARI",2,0,0,3,3,16,6.187500368803762,2.2500001341104587,1.1250000670552294,0.27450980392156865,0.75581395,0.37735849,0.111111111,91.50065104166667,3.937500234693303,4.64,4.162572634220127,4.241560211270311,0.16315656900405884,"Eduardo Rodriguez",13164,593958
"Jose Ferrer","WSN",0,0,0,13,0,11.2,6.94285922381405,3.857144013230028,0,0.3333333333333333,0.57894737,0.589743589,0,98.2414287860577,6.171430421168044,3.05,3.1625725746154787,4.331021545864887,0.15898007154464722,"Jose Ferrer",24017,678606
"Brant Hurter","DET",1,1,0,4,0,17.2,8.660377670157727,0.5094339805975133,1.52830194179254,0.20833333333333334,0.71428571,0.632653061,0.214285714,92.86011614118304,3.566037864182593,2.44,3.615402779591046,2.6081487062499615,0.15557368099689484,"Brant Hurter",30133,676428
"Brent Suter","CIN",0,0,0,38,3,51.1,7.188312400551576,1.753246926963799,1.4025975415710392,0.28104575163398693,0.77220077,0.43125,0.133333333,,3.681818546623978,4.1,4.292442816436593,4.036845463674509,0.15265294164419174,"Brent Suter",13942,608718
"Steven Matz","STL",1,2,0,6,6,27.2,5.530120990258733,3.5783135819321212,0.9759037041633059,0.3617021276595745,0.61135371,0.336842105,0.088235294,,6.180723459700937,6.23,4.752934166585311,5.204679668660415,0.14633604884147644,"Steven Matz",13361,571927
"José Quijada","LAA",1,0,0,10,0,10,9,2.7,0.9,0.19047619047619047,0.90909091,0.227272727,0.076923076,93.80112550584532,1.8,3.08,3.362572574615479,4.031624880433083,0.14232061803340912,"Jose Quijada",19200,650671
"Alex Young","- - -",0,0,0,10,0,9,8.000001801385226,3.0000006755194595,0,0.3076923076923077,0.90909091,0.576923076,0,88.33615112304688,1.0000002251731532,3.75,2.3847946217030263,3.394565262316011,0.131608247756958,"Alex Young",18333,622065
"Ray Kerr","ATL",1,2,0,10,2,22.1,10.880597634420687,2.820895682997956,1.6119403902845462,0.4032258064516129,0.74850299,0.328125,0.16,95.28862017463236,5.641791365995912,4.9,4.416303989281237,3.783455766525308,0.11813691258430481,"Ray Kerr",23809,678061
"Angel Zerpa","KCR",1,0,0,51,0,45,8.20000208536837,3.000000762939647,1.2000003051758588,0.3475177304964539,0.77044025,0.558620689,0.157894736,95.87852304193038,4.400001118978149,4.83,4.207017284675948,3.752726359247534,0.09545159339904785,"Angel Zerpa",22717,672582
"Kyle Muller","OAK",0,1,0,18,0,42.2,7.382812940049943,1.8984376131556995,1.265625075437133,0.30708661417322836,0.68669528,0.413533834,0.127659574,92.90411113112393,4.21875025145711,4.1,4.053197627700869,3.893560449437447,0.0900462195277214,"Kyle Muller",20167,666205
"Gabe Speier","SEA",0,2,0,25,0,19.2,11.898308931224284,5.491527199026592,0.9152545331710987,0.3111111111111111,0.625,0.355555555,0.1,93.53715258573008,5.949154465612142,3.64,3.9761321596564554,4.194426080931165,0.07393267750740051,"Gabe Speier",17170,642100
"Luke Little","CHC",3,1,0,30,1,26,9.692310536402346,6.230771059115794,0.3461539477286552,0.2413793103448276,0.73033708,0.724137931,0.076923076,96.11241198497213,3.461539477286552,3.59,4.0471882188109305,4.304516104250624,0.07234866172075272,"Luke Little",28036,681432
"Blake Walston","ARI",0,0,0,3,2,12.2,7.8157904544366605,6.394737644539085,0,0.2727272727272727,0.80952381,0.393939393,0,91.52384114583333,2.842105619795149,3.94,4.267835871202481,6.061507225059792,0.07064288482069969,"Blake Walston",26270,686796
"Jeffrey Springs","TBR",1,1,0,4,4,18.2,10.125000344855456,2.410714367822728,1.9285714942581822,0.34615384615384615,0.89285714,0.345454545,0.173913043,90.06654881386861,3.8571429885163644,3.51,4.662572625705176,3.7431304117162854,0.06853275746107101,"Jeffrey Springs",17677,605488
"Scott Alexander","OAK",1,2,0,34,0,28.2,6.279071577824671,3.1395357889123354,0.6279071577824671,0.24390243902439024,0.80128205,0.585365853,0.1,,2.5116286311298683,4.58,3.9300146563496052,4.079774434314199,0.06069178879261017,"Scott Alexander",10591,518397
"Easton Lucas","- - -",1,0,0,6,0,7,10.28571568703184,6.4285723043948995,0,0.44,0.47058824,0.36,0,94.69851574265813,10.28571568703184,4.34,3.4482868992552524,5.612080936705503,0.05274576786905527,"Easton Lucas",26058,687922
"Joe La Sorsa","WSN",0,0,0,2,0,2,9,0,0,0.2,1,0.4,0,,0,1.15,1.1625725746154787,2.677228194475174,0.050794877111911774,"Joe La Sorsa",25481,686747
"Nick Vespi","BAL",0,0,0,10,0,11.1,5.55882368533257,1.5882353386664485,0.7941176693332243,0.2571428571428571,0.75471698,0.444444444,0.083333333,89.4605589448736,3.176470677332897,4.02,3.603749057578381,4.060443256122103,0.04039860889315605,"Nick Vespi",21093,663989
"Josh Walker","NYM",0,0,0,10,0,12.1,8.027028475302602,4.378379168346874,0.7297298613911456,0.32432432432432434,0.68181818,0.47368421,0.071428571,94.42600866866438,5.108109029738019,4.22,3.8923024360066245,4.557587313719136,0.038470130413770676,"Josh Walker",23617,677020
"Robbie Ray","SFG",3,2,0,6,6,27.2,12.686748154122975,3.9036148166532234,1.9518074083266117,0.24074074074074073,0.76086957,0.288135593,0.1875,94.3279702240566,4.8795185208165295,3.64,5.005946238035056,3.938559868914804,0.0358242429792881,"Robbie Ray",11486,592662
"Nick Pratto","KCR",0,0,0,1,0,1,9,0,0,0.3333333333333333,1,0.333333333,0,78.68641764322916,0,2.38,1.1625725746154787,2.677228194475174,0.029680095613002777,"Nick Pratto",22117,668472
"Austin Davis","SDP",0,0,0,7,0,7,7.714286765273879,6.4285723043948995,0,0.3,0.38461538,0.47368421,0,,9.00000122615286,3.77,4.4482870354944595,5.746563457964609,0.028212230652570724,"Austin Davis",17117,656354
"Caleb Ferguson","- - -",1,4,1,49,0,40.1,10.93388826164419,4.462811535364976,1.3388434606094928,0.3302752293577982,0.64748201,0.486956521,0.171428571,93.8532899368641,4.909092688901473,4.4,4.303068855875416,3.683554912964668,0.02688666945323348,"Caleb Ferguson",19349,657571
"Dylan Dodd","ATL",0,0,0,1,0,2,9,4.5,0,0.6666666666666666,0.6,0.5,0,93.49198695591518,9,3.83,2.6625725746154787,3.4199003845453264,0.02509962022304535,"Dylan Dodd",29928,689266
"Anthony Veneziano","KCR",0,0,0,2,0,2,9,4.5,0,0.5,0.6,0.5,0,94.55373313210227,4.5,3.51,2.6625725746154787,4.177228194475174,0.020739806815981865,"Anthony Veneziano",27453,685107
"Austin Kitchen","MIA",0,0,0,1,0,2,9,4.5,0,0.5,0.5,0.555555555,0,89.70374552408855,13.5,4.77,2.6625725746154787,3.4199003845453264,0.0194620992988348,"Austin Kitchen",27910,685116
"Chasen Shreve","COL",0,0,0,1,0,1,0,0,0,0.25,1,1,0,89.29976399739583,0,6.81,3.1625725746154787,3.1625725746154787,0.015445636585354805,"Chasen Shreve",10855,592741
"Josh Maciejewski","NYY",0,0,0,4,0,7,9,2.5714285714285716,1.2857142857142858,0.17647058823529413,0.86956522,0.555555555,0.25,90.75949928977273,2.5714285714285716,3.83,3.876858288901193,2.885232928821019,0.014542723074555397,"Josh Maciejewski",21310,656671
"Jose Quintana","NYM",6,9,0,25,25,134,7.119402985074627,3.4925373134328357,1.4776119402985075,0.2661498708010336,0.75699746,0.439205955,0.146666666,90.67139075413223,4.567164179104478,4.96,5.125259141779658,4.686440805801705,0.013585193082690239,"Jose Quintana",11423,500779
"Sammy Peralta","CHW",0,0,0,7,0,10.2,6.750001005828531,5.062500754371398,0.8437501257285663,0.39473684210526316,0.77669903,0.384615384,0.083333333,,5.062500754371398,8.83,4.56882278416309,5.05406042881129,0.008441714569926262,"Sammy Peralta",25589,671111
"Tyler Jay","- - -",0,0,0,5,0,7.2,7.043478844972598,7.043478844972598,0,0.375,0.66666667,0.652173913,0,92.10421316964286,4.695652563315065,3.61,3.9451813351679896,5.130564092490281,0.006247778161196038,"Tyler Jay",17952,664079
"Nick Ramirez","LAD",0,0,0,7,0,11.1,3.176470677332897,5.55882368533257,0,0.34146341463414637,0.61904762,0.536585365,0,90.38600158691406,6.352941354665794,7.71,4.309631430319024,5.9133844845662935,0.006220381241291761,"Nick Ramirez",12575,598286
"Kirby Snead","SEA",0,0,0,11,0,10.1,6.096775506463468,6.096775506463468,0,0.35294117647058826,0.73684211,0.515151515,0,92.67459810697116,4.354839647473906,4.61,3.8399920753336416,5.3057881521412344,0.0034721975680440664,"Kirby Snead",19179,669912
"Amir Garrett","LAA",0,0,0,6,0,5.1,18.56250442564593,8.43750201165724,1.6875004023314482,0.42857142857142855,0.78947368,0.25,0.166666666,95.73661081414474,5.0625012069943445,3.49,4.287572842836444,3.554060240295569,0.00239673163741827,"Amir Garrett",14375,607237
"Dominic Smith","BOS",0,0,0,3,0,3,0,3,0,0.2,1,0.2,0,48.58243630149148,0,1.82,4.16257257461548,7.1918838143348705,0.0005491212359629571,"Dominic Smith",15653,642086
"Anthony Misiewicz","NYY",0,0,0,1,0,1,9,9,0,0.5,1,0.25,0,93.57049560546875,0,9.1,4.162572574615479,7.19188381433487,-0.00115420192014426,"Anthony Misiewicz",18152,664948
"Raymond Burgos","SFG",0,0,0,1,0,1,9,9,0,0.6,0.75,0.8,0,92.8377685546875,9,2.1,4.162572574615479,5.677228194475174,-0.0014617150882259011,"Raymond Burgos",22370,670103
"Tayler Saucedo","SEA",2,0,3,43,0,32,9.000003755094188,4.781251994893787,0.8437503520400801,0.3258426966292135,0.76923077,0.5,0.111111111,91.84784294577206,4.2187517602004005,3.59,4.162572991848166,4.2218136958219326,-0.0027171315159648657,"Tayler Saucedo",17888,642048
"Erik Miller","SFG",3,4,0,57,10,55,10.800001123601858,5.236364181140294,1.1454546646244395,0.25203252032520324,0.71895425,0.5078125,0.14893617,97.21026995119168,3.927273135855221,3.15,4.217118138872899,3.8569147220057207,-0.007150858640670776,"Erik Miller",26252,669062
"Logan Allen","ARI",0,1,1,12,0,28,6.750000919614645,3.2142861521974497,0.9642858456592349,0.31521739130434784,0.67839196,0.410526315,0.1,91.56210256177326,5.464286458735665,5.55,4.341144163754544,4.571132359223337,-0.00872387271374464,"Logan Allen",18555,663531
"Matthew Boyd","CLE",0,0,0,2,2,10.2,6.750000402331376,3.375000201165688,1.687500100582844,0.1724137931034483,0.85365854,0.322580645,0.133333333,92.21540178571429,3.375000201165688,4.34,5.2250726975500665,4.917557144648407,-0.009531104005873203,"Matthew Boyd",15440,571510
"Jake Bauers","MIL",0,0,0,3,0,3,0,12,0,0.2,1,0.2,0,64.25557528409091,0,6.39,7.16257257461548,10.19188381433487,-0.027672650292515755,"Jake Bauers",15194,641343
"Josh Fleming","PIT",1,1,1,25,3,31.1,4.882979367425916,4.021277126115461,0.8617022413104558,0.30097087378640774,0.69196429,0.542857142,0.107142857,88.42432403564453,4.021277126115461,4.37,4.758317465931137,4.8671586725013745,-0.027797259390354156,"Josh Fleming",20418,676596
"Sean Guenther","DET",0,0,0,1,0,1.1,0,0,0,0.2,0.66666667,0.4,0,90.54765319824219,6.750001609325793,14.65,7.6625736474993404,8.798565633235707,-0.02859354391694069,"Sean Guenther",20045,674944
"Pavin Smith","ARI",0,0,0,1,0,1,0,9,0,0,1,0.333333333,0,73.73787195542279,0,7.86,9.162572574615478,12.191883814334869,-0.029017530381679535,"Pavin Smith",19892,656976
"Brady Basso","OAK",0,0,0,3,0,3.1,8.10000077247627,0,2.70000025749209,0.25,0.625,0.555555555,0.333333333,92.99967193603516,5.40000051498418,6.6,5.262572774887104,2.7257625908317586,-0.03464386612176895,"Brady Basso",25582,669620
"Ky Bush","CHW",0,2,0,3,3,14.2,6.136363902367847,9.204545853551771,0.6136363902367847,0.2558139534883721,0.82706767,0.404761904,0.047619047,92.01750735960145,3.681818341420709,4.13,5.95802724124972,7.240375116182568,-0.03518163785338402,"Ky Bush",29823,681066
"Alex Wood","OAK",1,3,0,9,9,39.1,7.5508477017304925,4.347457767663011,1.372881400314635,0.36585365853658536,0.72072072,0.368,0.127659574,,5.262712034539434,6.64,5.2981658639938,5.125000116024665,-0.03636815398931503,"Alex Wood",13781,622072
"A.J. Minter","ATL",5,4,1,39,0,34.1,9.174758640735018,2.883495572802434,1.572815766983146,0.2222222222222222,0.94202899,0.458823529,0.166666666,94.75761640311245,2.6213596116385762,3.29,4.444126162527672,3.760463992750878,-0.039354123175144196,"A.J. Minter",18655,621345
"Justin Bruihl","PIT",0,0,0,7,0,5.2,7.941178698028873,1.5882357396057745,1.5882357396057745,0.42105263157894735,0.52083333,0.6,0.2,,9.529414437634648,3.36,4.750808314221253,3.793151239599527,-0.039640847593545914,"Justin Bruihl",23779,677865
"Fraser Ellard","CHW",1,1,0,7,0,6,12.000005722048627,7.500003576280392,1.5000007152560784,0.09090909090909091,0.71428571,0.5,0.2,94.98674665178571,4.500002145768235,2.79,5.16257352829025,4.258119446896016,-0.041936349123716354,"Fraser Ellard",29530,686642
"Brock Burke","- - -",1,0,0,16,0,17.1,10.90384875352628,5.711539823275671,1.5576926790751828,0.3829787234042553,0.67114094,0.46,0.157894736,95.50648892863413,7.269232502350854,4.08,5.239496146715723,4.649791589426943,-0.042557209730148315,"Brock Burke",17968,656271
"Jack O'Loughlin","OAK",0,0,0,4,0,9.2,5.5862078150729175,4.655173179227431,0.9310346358454862,0.34285714285714286,0.78313253,0.444444444,0.09090909,92.23408840013587,4.655173179227431,6.72,4.81774526056301,5.196491373024118,-0.045270130038261414,"Jack O'Loughlin",22690,672552
"Mike Yastrzemski","SFG",0,0,0,1,0,1,0,27,0,0.4,0.6,0.6,0,67.29019927978516,18,14.47,12.162572574615478,13.677228194475173,-0.04542667791247368,"Mike Yastrzemski",14854,573262
"Brandon Eisert","TOR",0,0,0,2,0,4.2,0,7.714286765273879,0,0.3125,0.66666667,0.5625,0,91.17115099676724,5.7857150739554095,6.23,5.7340014963734385,7.356847024461127,-0.04746096208691597,"Brandon Eisert",27668,685126
"Josh Rogers","COL",2,0,0,6,0,11,2.4545460929557,2.4545460929557,0.8181820309852333,0.34146341463414637,0.64516129,0.309523809,0.052631578,89.71836103019068,6.545456247881867,6.77,5.162573094801605,6.596978629456274,-0.050998687744140625,"Josh Rogers",18510,642028
"Drew Smyly","CHC",3,6,0,38,0,50,7.740001181030454,3.0600004669190164,1.440000219726596,0.24817518248175183,0.86345382,0.326388888,0.119402985,,2.880000439453192,3.49,4.6625728034973495,4.61221132642479,-0.05135178193449974,"Drew Smyly",11760,592767
"Kolby Allard","PHI",1,0,0,3,2,13,5.538461538461538,1.3846153846153846,2.076923076923077,0.2972972972972973,0.93220339,0.5,0.1875,90.43778043179898,3.4615384615384617,4.34,5.3933418053847095,4.257533337519719,-0.05443198885768652,"Kolby Allard",18694,663465
"Joe Jacques","- - -",0,0,0,2,0,3,6.000001907349239,3.0000009536746197,3.0000009536746197,0.45454545454545453,0.75757576,0.416666666,0.5,,9.000002861023859,16.23,8.162574164073177,4.839010187447107,-0.05662505328655243,"Joe Jacques",25178,682175
"Cade Povich","BAL",1,6,0,9,9,43.2,6.389313349210629,4.740458291349821,1.4427481756282063,0.2846715328467153,0.65359477,0.363636363,0.101449275,92.16636136451864,5.770992702512825,4.02,5.544252102636644,5.85366977951929,-0.05665034055709839,"Cade Povich",30055,700249
"Matt Krook","BAL",0,0,0,1,0,1,18,9,9,0,-1.66666667,0.666666666,1,,18,13.07,15.162572574615478,3.677228194475174,-0.059678420424461365,"Matt Krook",19315,640454
"Dallas Keuchel","MIL",0,0,0,4,4,16.2,5.9400002265930265,4.320000164794928,1.620000061798098,0.3508771929824561,0.78358209,0.525423728,0.176470588,,5.40000020599366,4.96,5.622572668457035,4.827521370385124,-0.07301463931798935,"Dallas Keuchel",9434,572971
"Anthony Gose","CLE",0,0,0,1,0,1.1,6.750001609325793,6.750001609325793,6.750001609325793,0.25,0.625,0.6,1,94.65334743923611,13.500003218651585,10.15,13.662575078011155,5.048564739165823,-0.091973677277565,"Anthony Gose",5097,543238
"Parker Mushinski","HOU",0,0,0,10,0,11,2.454545880152248,4.090909800253747,0.8181819600507494,0.25,0.44871795,0.375,0.071428571,92.38291488155242,6.545455680405995,6.11,5.435300241423116,6.181225705129993,-0.09836975485086441,"Parker Mushinski",21324,656786
"Jhonathan Diaz","SEA",0,1,0,3,1,6.1,7.1052635145319645,2.8421054058127857,2.8421054058127857,0.44,0.73770492,0.5,0.25,91.03437703450521,7.1052635145319645,5,6.636256959497771,4.444242895611729,-0.09987754141911864,"Jhonathan Diaz",20298,646242
"Kyle Nelson","ARI",0,0,0,11,0,10.2,6.750002212823163,3.3750011064115815,1.6875005532057907,0.21428571428571427,0.76086957,0.366666666,0.285714285,90.60270579268293,4.218751383014476,5.66,5.225073250755889,3.7815655280701064,-0.10377045720815659,"Kyle Nelson",20515,669459
"Wade Miley","MIL",0,1,0,2,2,7,2.5714285714285716,5.142857142857143,1.2857142857142858,0.22727272727272727,0.625,0.523809523,0.166666666,90.38611328125,6.428571428571429,8.56,6.591144003186907,6.032277391638075,-0.10545434057712555,"Wade Miley",8779,489119
"Andrew Saalfrank","ARI",0,0,0,2,0,1,0,36.00003862385125,0,0.5,0.33333333,0.25,0,,36.00003862385125,27.94,15.162585449232562,16.677242694143185,-0.11323222517967224,"Andrew Saalfrank",26203,685314
"Joey Lucchesi","NYM",0,1,0,1,1,4.1,4.153846458570514,8.307692917141027,2.076923229285257,0.2857142857142857,0.52631579,0.384615384,0.2,89.87358856201172,10.384616146426286,12.76,8.00872677628108,6.7564062457879634,-0.12494830787181854,"Joey Lucchesi",19320,664192
"José Suarez","LAA",1,2,0,18,1,35.1,9.424530167306717,5.603774694074264,1.273585157744151,0.375,0.57142857,0.422018348,0.125,93.09131504274764,8.150945009562566,5.37,5.115403149823177,4.990484958901248,-0.12755516171455383,"Jose Suarez",19911,660761
"Walter Pennington","- - -",0,0,0,6,0,5.2,11.11765029418109,7.9411787815579205,1.588235756311584,0.23076923076923078,0.92105263,0.571428571,0.25,,3.176471512623168,4.4,5.6331615288779435,4.408212198187634,-0.13019250333309174,"Walter Pennington",27624,679156
"Joely Rodríguez","BOS",0,1,0,11,0,11,9.000002340837566,1.6363640619704667,2.4545460929557,0.34285714285714286,0.390625,0.552631578,0.428571428,,6.545456247881867,5.03,5.25348220935552,2.671898750541733,-0.13660168647766113,"Joely Rodriguez",11487,570257
"Kody Funderburk","MIN",1,0,1,26,0,33.2,8.287130277866,4.009901747354516,1.0693071326278711,0.32653061224489793,0.67460317,0.544554455,0.166666666,,5.613862446296323,5.27,4.647721369931967,4.182921327996727,-0.13705801963806152,"Kody Funderburk",24993,681892
"Jared Shuster","CHW",1,2,0,29,2,54.1,5.4662579885294384,4.3067487182353155,1.1595092702941234,0.28160919540229884,0.76177285,0.35,0.092105263,92.45336647242145,4.3067487182353155,5.66,5.058278207001109,5.502091001851042,-0.1578177697956562,"Jared Shuster",27472,694363
"Jacob Lopez","TBR",0,0,0,3,0,5.1,3.375000201165688,8.43750050291422,1.687500100582844,0.11764705882352941,0.46511628,0.222222222,0.076923076,90.6374981219952,8.43750050291422,4.13,8.787572909891626,10.04204605807206,-0.16062937676906586,"Jacob Lopez",25098,682052
"Jose E. Hernandez","PIT",1,1,1,7,0,5.1,6.750002816320641,6.750002816320641,1.6875007040801602,0.25,0.92105263,0.176470588,0.1,93.44358723958334,3.3750014081603203,9.79,6.35007390454467,6.752553359709114,-0.17944973707199097,"Jose E. Hernandez",22318,669796
"Tyler Matzek","ATL",0,0,0,11,0,10,9.000001716614097,2.700000514984229,2.700000514984229,0.40625,0.54054054,0.314285714,0.23076923,93.89904477415966,9.900001888275506,7.76,5.9625731086731975,4.031625046191687,-0.1837918907403946,"Tyler Matzek",10058,554431
"Aaron Ashby","MIL",0,2,0,2,2,8.2,5.192308073213143,7.269231302498399,2.076923229285257,0.20689655172413793,0.40983607,0.7,0.333333333,,6.230769687855771,6.77,7.431803657035173,5.480411250707823,-0.19046661257743835,"Aaron Ashby",23550,676879
"Joey Wentz","DET",0,2,1,35,0,51,9.882354419536878,4.588235980499265,1.4117649170766968,0.323943661971831,0.72423398,0.418918918,0.153846153,94.04993451950867,5.117647824403026,4.28,4.711592414185744,4.2167314035428864,-0.19489210844039917,"Joey Wentz",19962,666214
"Tom Cosgrove","SDP",0,1,0,18,0,14.2,9.204548846100252,3.681819538440101,1.8409097692200505,0.4166666666666667,0.48611111,0.38,0.166666666,,11.65909520506032,4.86,5.821664463488885,5.021468793017988,-0.19656693935394287,"Tom Cosgrove",23443,676680
"Jacob Latz","TEX",2,3,0,46,0,43.2,8.24427744995152,5.564887278717276,1.236641617492728,0.2796610169491525,0.80204778,0.360655737,0.107142857,95.15597792288557,3.709924852478184,4.96,5.04043577154888,5.196635395142971,-0.2174021154642105,"Jacob Latz",21306,656641
"Sean Newcomb","OAK",1,0,0,7,0,10,6.300000600814877,7.2000006866455735,1.8000001716613934,0.25925925925925924,0.72368421,0.5,0.2,93.87452294360632,6.300000600814877,5.55,7.062572946548498,5.977228462901677,-0.2210056483745575,"Sean Newcomb",16943,656794
"Kent Emanuel","MIA",0,0,0,8,0,14.2,6.136363902367847,2.454545560947139,1.8409091707103544,0.2727272727272727,0.6741573,0.638297872,0.25,,5.522727512131063,5.44,5.8898454201123,4.4700181384496505,-0.22175201773643494,"Kent Emanuel",15849,592288
"Justin Wrobleski","LAD",1,1,0,5,5,25,6.48,3.24,2.52,0.21212121212121213,0.79207921,0.263888888,0.189189189,95.0717426124477,4.68,5.81,6.442572574615479,5.044262892007827,-0.23141922056674957,"Justin Wrobleski",31204,680736
"DL Hall","MIL",0,1,0,5,5,21,9.428572284932118,5.571429077459888,2.142857337484572,0.4126984126984127,0.75,0.393939393,0.208333333,93.14346050126903,6.428572012453716,6.27,6.448287158758489,5.084083933740467,-0.23552250862121582,"DL Hall",22207,669084
"Brendon Little","TOR",1,2,0,33,0,31,7.2580658558382565,4.064516879269424,1.4516131711676514,0.26666666666666666,0.77777778,0.720430107,0.384615384,,4.064516879269424,4.31,5.001282591427837,3.5396862912618667,-0.23591813445091248,"Brendon Little",21574,663893
"Tyler Alexander","TBR",5,3,0,16,6,76.2,7.9826089604455355,2.11304354835323,1.8782609318695378,0.2857142857142857,0.72519084,0.319148936,0.142857142,89.57430823580677,5.165217562641229,5.13,4.923442198243171,4.4231130002242525,-0.2376652043312788,"Tyler Alexander",17735,641302
"Colin Poche","TBR",1,2,2,36,0,32.1,8.072166218262696,3.340206711005254,1.670103355502627,0.2261904761904762,0.87412587,0.333333333,0.136363636,91.33803803066037,3.340206711005254,3.96,4.894531609951536,4.543341264206592,-0.24548310041427612,"Colin Poche",19403,621363
"Steven Okert","MIN",3,2,1,43,1,34.1,8.388352395543281,3.9320401854109126,1.572816074164365,0.30303030303030304,0.70175439,0.306930693,0.130434782,93.03173953539705,5.24272024721455,4.22,5.143155779118754,4.900655458362468,-0.24686902249231935,"Steven Okert",13580,595345
"Tim Mayza","- - -",0,2,0,38,0,28,5.785716059257116,3.8571440395047447,1.2857146798349148,0.36,0.52742616,0.411764705,0.117647058,,8.035716748968218,6.81,5.126858891029933,5.10894070965267,-0.25275813788175583,"Tim Mayza",15042,641835
"Ty Blach","COL",3,6,0,18,10,63.2,4.806282986491702,2.2617802289372713,1.837696436011533,0.34801762114537443,0.71729958,0.412765957,0.168831168,,6.361256893886076,6.9,5.738488946460706,4.91589962477633,-0.2549581974744797,"Ty Blach",14361,621389
"Will Smith","KCR",0,4,1,43,0,39.1,5.949153311668436,3.4322038336548673,1.3728815334619469,0.2601626016260163,0.66523605,0.291338582,0.096774193,91.34451654905914,5.262712544937463,5.41,5.12019994640381,5.524657162212545,-0.2552841603755951,"Will Smith",8048,519293
"Bailey Horn","BOS",1,1,0,14,0,16.2,7.020001874542737,3.780001009369166,2.1600005767823807,0.3018867924528302,0.65420561,0.446428571,0.266666666,94.70769085800438,6.4800017303471416,5.51,5.982573327636921,4.225762916391655,-0.25786489248275757,"Bailey Horn",27753,690544
"Génesis Cabrera","TOR",3,2,2,54,0,49,7.346940491409416,4.40816429484565,1.285714585996648,0.2746478873239437,0.77170418,0.445205479,0.125,95.90045797413794,3.3061232211342375,3.77,4.97889952943614,4.852791636965786,-0.2761170566082001,"Genesis Cabrera",17490,650893
"Zack Thompson","STL",0,2,0,5,2,17,10.588236482085787,4.235294592834315,3.176470944625736,0.375,0.6097561,0.407407407,0.272727272,91.40547652793141,9.529412833877208,4.93,6.98610241536868,4.358009393264189,-0.2809121049940586,"Zack Thompson",25918,668868
"Kenny Rosenberg","LAA",0,1,0,4,1,18.1,5.890909193054705,3.4363636959485784,2.4545454971061273,0.2727272727272727,0.65,0.35,0.172413793,90.57658881645698,6.872727391897157,6.47,6.544390815072809,5.394846048372849,-0.29106927290558815,"Kenny Rosenberg",20009,670046
"Bryan Sammons","DET",0,1,0,5,0,23,5.869565704143831,2.739130661933788,1.9565219013812771,0.13559322033898305,0.78571429,0.174603174,0.131578947,91.5895859375,3.9130438027625543,4.67,5.727790178648709,5.404177697667256,-0.3229713439941406,"Bryan Sammons",20462,676614
"Joey Cantillo","CLE",0,3,0,4,4,17,7.411764705882353,4.764705882352941,3.176470588235294,0.30612244897959184,0.64814815,0.454545454,0.272727272,92.35891367906441,8.470588235294118,6.94,7.691984339321361,5.063891612080967,-0.39604994654655457,"Joey Cantillo",23335,676282
"Logan Allen","CLE",8,4,0,19,19,92.1,7.602888505454412,3.60649839361299,1.9494585911421567,0.31716417910447764,0.74576271,0.436619718,0.178571428,91.37938246499176,5.555956984755147,5.62,5.621056464555865,4.642443732932805,-0.4056225121021271,"Logan Allen",27589,671106
"Victor González","NYY",2,1,2,27,0,23.1,4.242858414553031,5.014287217199036,1.1571432039690084,0.14925373134328357,0.68548387,0.550724637,0.115384615,,3.857144013230028,5.37,5.948287695281611,5.964618248019965,-0.41520705819129944,"Victor Gonzalez",16408,624647
"Tommy Henry","ARI",2,3,0,9,7,38.1,7.043478319279864,4.226086991567919,2.1130434957839594,0.3305785123966942,0.68493151,0.434108527,0.1875,90.19022216796876,7.043478319279864,6.56,6.371268253398528,5.2157065852051945,-0.47226250171661377,"Tommy Henry",26285,674072
"Ryan Yarbrough","- - -",4,2,1,36,0,73,5.178082597660634,3.4520550651070896,1.2328768089668176,0.2119815668202765,0.75641026,0.381818181,0.11235955,86.72015005782995,3.9452057886938166,4.52,5.272161781069811,5.337974802221838,-0.48055359721183777,"Ryan Yarbrough",16502,642232
"Daniel Lynch IV","KCR",0,0,0,5,3,22.2,5.955882519999182,3.176470677332897,2.3823530079996726,0.21212121212121213,0.63559322,0.430555555,0.176470588,92.59594075520833,6.352941354665794,5.77,6.868455031503858,5.699261957910184,-0.5212169587612152,"Daniel Lynch IV",21537,663738
"Wandy Peralta","SDP",2,2,0,41,0,34,5.2941188350270965,3.176471301016258,1.588235650508129,0.24761904761904763,0.73232323,0.532110091,0.181818181,95.571787109375,4.500001009773032,5.34,5.691984906906203,4.867974000102251,-0.5405516624450684,"Wandy Peralta",14295,593974
"Matt Moore","LAA",5,3,1,50,0,48,7.687501221895412,4.687500745058178,1.8750002980232712,0.21705426356589147,0.70588235,0.291044776,0.14084507,92.97124591745843,4.687500745058178,4.31,5.850073001782167,5.382167698453088,-0.5544816255569458,"Matt Moore",1890,519043
"Brandon Hughes","ARI",0,0,0,12,2,14,11.571430936152105,4.500000919614707,5.14285819384538,0.38461538461538464,0.76923077,0.234042553,0.347826086,92.3474162980622,10.28571638769076,11.52,9.948288247050355,5.008078612958916,-0.5695995762944221,"Brandon Hughes",23460,676714
"Jake Diekman","NYM",2,3,4,43,0,32,11.250004693867735,6.750002816320641,1.9687508214268536,0.22857142857142856,0.65533981,0.447368421,0.291666666,94.7489752435065,5.625002346933868,5.03,6.13132381327502,4.423564815637213,-0.817532479763031,"Jake Diekman",5003,518617